150039.JPG,1827,716,621,1877,healthy
170058h.JPG,0,314,1686,962,broken
150394v.JPG,1,1284,1661,1193,healthy
150394v.JPG,2099,1440,3554,2558,broken
160623d.JPG,2123,84,611,2922,healthy
170199.JPG,984,897,885,1560,healthy
100267h.JPG,825,214,1398,1922,broken
161056v.JPG,2059,4,752,2987,broken
170526v.JPG,41,30,2538,2092,broken
140070.JPG,1805,1,549,1553,broken
160440d.JPG,1925,0,826,3008,healthy
130037h.jpg,1975,212,448,2573,healthy
161057h.JPG,1285,12,1432,2997,healthy
170166h.JPG,1778,11,593,2126,broken
170569h.JPG,1298,108,610,2028,broken
170029d.JPG,78,0,284,569,healthy
170029d.JPG,477,223,1139,491,broken
100293.JPG,114,1,2326,2136,broken
170709v.JPG,3672,711,1849,1373,healthy
170709v.JPG,674,1387,2328,2288,broken
130107h.jpg,1708,592,1415,2255,broken
150525h.JPG,2533,146,1152,3855,healthy
170162v.JPG,1190,0,656,2128,broken
170124d.JPG,990,920,496,1214,broken
100299.JPG,1378,485,467,1652,healthy
170163.JPG,987,11,754,2119,broken
161315v.JPG,1726,0,510,1666,healthy
160842.JPG,1954,45,741,2964,healthy
000001268d.JPG,1972,350,1350,2913,broken
150598v.JPG,1,775,5067,1951,broken
150458v.JPG,935,1533,3878,1052,healthy
150458v.JPG,1,2510,887,1371,healthy
150693 (2)v.JPG,2513,0,770,2624,healthy
100299h.JPG,1370,485,467,1652,healthy
150693 (2)h.JPG,2716,1377,770,2624,healthy
150949.jpg,1723,699,410,1791,healthy
100138d.JPG,899,3,526,3212,broken
160778d.JPG,2064,164,498,2292,healthy
150679 (2)h.JPG,1552,1377,2131,2624,healthy
100280.JPG,1589,9,506,2128,broken
161036.JPG,2051,92,2462,1558,healthy
161036.JPG,900,1,881,1253,healthy
140021.JPG,1757,653,1351,2196,healthy
161268h.JPG,1866,618,1180,2391,healthy
161236.JPG,1853,576,1145,2433,healthy
140064h.JPG,1945,11,564,2824,broken
160190d.JPG,55,25,4432,2981,broken
140030d.JPG,1571,88,623,2756,broken
160673v.JPG,1916,0,686,1763,healthy
170528v.JPG,857,456,446,2482,broken
150526.JPG,2560,338,803,3199,healthy
170823 (2)d.JPG,2158,646,713,2968,broken
130032v.jpg,2038,0,588,2629,healthy
170090d.JPG,2379,1577,1178,277,broken
161134h.JPG,2031,1035,830,1974,healthy
170527.JPG,893,276,532,2940,broken
160442h.JPG,2010,1268,716,1741,healthy
170177v.JPG,1364,5,493,2125,broken
170530d.JPG,1096,506,399,2181,broken
170530d.JPG,1421,995,714,273,healthy
170530d.JPG,1421,1250,714,167,healthy
100190v.JPG,807,0,917,2136,healthy
150621 (2).JPG,2701,447,882,3512,healthy
150438d.JPG,2374,18,1358,3980,broken
150696 (2).JPG,2682,607,835,3394,healthy
150907.JPG,2,3740,740,261,healthy
150907.JPG,1208,542,3356,3367,healthy
150648 (2)h.JPG,2641,344,657,3549,healthy
100010v.JPG,1,150,2199,1350,broken
150867h.JPG,197,747,3860,1827,broken
150867h.JPG,4440,474,1558,1860,healthy
150394d.JPG,4337,1284,1661,1193,healthy
150394d.JPG,346,1440,3554,2558,broken
170127h.JPG,12,14,3121,2101,broken
160771h.JPG,1825,760,1799,2248,healthy
160674v.JPG,1722,864,653,2142,healthy
150346.JPG,1706,601,486,1991,healthy
161200h.JPG,1766,1150,845,1840,broken
150454v.JPG,1937,1632,4064,2277,broken
150454v.JPG,1,1873,1230,1379,healthy
170167v.JPG,1256,0,936,1973,healthy
170661h.JPG,1709,1344,3809,1092,broken
170071v.JPG,1421,17,877,2116,broken
140064d.JPG,1945,12,564,2824,broken
170192v.JPG,713,146,1168,1984,broken
130045d.jpg,1881,68,555,2601,healthy
170223v.JPG,1008,0,583,2135,broken
100184h.JPG,399,691,1489,469,healthy
100184h.JPG,2436,1272,779,626,healthy
161461d.JPG,2039,0,606,1752,healthy
160673d.JPG,1909,0,686,1763,healthy
170208h.JPG,837,815,1284,1321,broken
170551v.JPG,1205,0,560,2136,broken
130038v.JPG,21,15,2962,1958,broken
160643d.JPG,2001,0,582,1843,healthy
000000795v.jpeg,897,0,268,1064,broken
100020h.JPG,1516,580,406,1557,healthy
160041d.JPG,1630,0,759,3008,healthy
130037d.jpg,1975,62,448,2573,healthy
15072.jpg,5,1026,2458,1089,healthy
161276h.JPG,1913,294,813,2715,healthy
170032.JPG,3261,1,852,4138,broken
150446h.JPG,0,1376,3520,2111,broken
170315 (2).JPG,1026,1207,2127,547,healthy
170859 (2).JPG,2354,449,802,2803,broken
170235d.JPG,1179,2,1779,2128,broken
140070h.JPG,1933,1,549,1553,broken
150458d.JPG,1186,1533,3878,1052,healthy
150458d.JPG,5111,2510,887,1371,healthy
100279h.JPG,1286,4,491,1684,broken
150395.JPG,743,1498,3977,1283,broken
161276.JPG,1785,294,813,2715,healthy
161134d.JPG,2031,0,830,1974,healthy
170522h.JPG,1729,644,364,1363,broken
130031h.jpg,1968,1,542,2848,healthy
170709h.JPG,0,1595,1849,1373,healthy
170709h.JPG,2517,4,2328,2288,broken
170040.JPG,3268,1217,702,3293,broken
130047v.JPG,82,2,1725,1996,broken
170866 (2)v.JPG,1,589,1750,1081,broken
170866 (2)v.JPG,1978,878,1927,2563,broken
170190v.JPG,799,0,545,2040,healthy
161234d.JPG,1732,952,867,2054,healthy
170522d.JPG,1729,448,364,1363,broken
161355d.JPG,1660,0,1209,1839,healthy
150344h.JPG,1612,473,498,2120,healthy
170235.JPG,257,5,1779,2128,broken
150473d.JPG,2660,115,723,3531,healthy
170699.JPG,1,1655,4362,1162,broken
170042h.JPG,1517,2068,548,2142,healthy
15073h.jpg,0,16,3871,1400,healthy
170037d.JPG,1828,723,715,1731,broken
150648 (2).JPG,2701,344,657,3549,healthy
170223h.JPG,1624,1,583,2135,broken
130037v.jpg,1864,62,448,2573,healthy
160852h.JPG,0,410,4076,1818,healthy
150345h.JPG,1709,10,523,2583,healthy
160435.JPG,1802,1103,813,1906,healthy
100279d.JPG,1286,447,491,1684,broken
130019h.jpg,0,1,1623,2120,healthy
130019h.jpg,762,3,2258,2715,broken
170236.JPG,1240,11,546,2125,broken
140031v.JPG,1,209,950,1642,healthy
140031v.JPG,1215,17,3070,2813,broken
160648d.JPG,1799,0,1083,3002,broken
170527v.JPG,893,0,532,2940,broken
161338.JPG,2063,1318,763,1691,healthy
151368v.jpg,1418,0,710,2590,broken
140030.JPG,2093,3,623,2756,broken
130060v.jpg,1985,419,453,2421,broken
170331 (2)v.JPG,1,409,385,777,healthy
170331 (2)v.JPG,506,203,1934,1334,healthy
150491v.JPG,1,1318,3062,2488,broken
170615d.JPG,2510,0,1194,1558,broken
170190.JPG,799,1177,545,2040,healthy
160730d.JPG,1740,0,1740,2614,healthy
170621 (2)h.JPG,1069,0,1276,2455,broken
150633v.JPG,519,702,4740,2364,broken
170148d.JPG,876,0,921,1626,healthy
160786.JPG,226,1,1037,1477,healthy
160786.JPG,1448,222,3064,1840,healthy
150476d.JPG,1355,1298,4037,1719,healthy
170125.JPG,1338,580,772,1557,healthy
160771v.JPG,887,0,1799,2248,healthy
150864v.JPG,4127,977,1874,453,healthy
150864v.JPG,726,1332,3011,2666,broken
130030.jpg,1811,225,688,2624,healthy
170247.JPG,1427,2,517,2017,broken
100267d.JPG,825,0,1398,1922,broken
170868 (2).JPG,2395,304,740,3178,broken
150879h.JPG,0,794,3930,1808,broken
150879h.JPG,4243,1,1211,1700,healthy
170332h.JPG,1019,966,2112,1211,healthy
170332h.JPG,3200,990,478,932,healthy
160041h.JPG,1630,1,759,3008,healthy
130021v.jpg,1971,128,468,2576,healthy
170520h.JPG,1825,1,443,1680,broken
000006140h.JPG,1470,491,633,1642,broken
151401h.jpg,1689,1122,1197,1471,healthy
151401h.jpg,1245,1135,1154,1458,broken
170039.JPG,1382,5,670,2132,broken
160164v.JPG,1794,737,607,2269,broken
160623h.JPG,2123,1,611,2922,healthy
130024.jpg,1950,1,1110,2848,broken
161314v.JPG,2042,486,708,2520,broken
150714 (2)v.JPG,2644,0,742,3610,healthy
150952v.jpg,1781,95,816,2495,healthy
150604 (2).JPG,2105,1,1107,2327,broken
161212v.JPG,1604,0,1348,2264,healthy
170170v.JPG,983,473,316,2122,healthy
170699h.JPG,1156,1655,4362,1162,broken
160175d.JPG,1677,1202,640,1804,broken
161490h.JPG,1968,1027,1006,1980,healthy
16064h.JPG,2094,1292,535,1717,healthy
170313 (2)h.JPG,1563,973,591,1484,healthy
161236d.JPG,1513,0,1145,2433,healthy
160852.JPG,436,410,4076,1818,healthy
160164d.JPG,2110,737,607,2269,broken
160705.JPG,1971,1124,796,1885,healthy
150039h.JPG,1423,716,621,1877,healthy
170070.JPG,449,1512,3871,810,healthy
150604 (2)h.JPG,2787,1,1107,2327,broken
150603 (2)v.JPG,2558,1631,1160,2367,broken
150395d.JPG,1279,1218,3977,1283,broken
170858 (2).JPG,2431,408,485,2823,broken
100017v.JPG,1538,6,631,2128,broken
170088h.JPG,1048,5,1580,2014,broken
170691 (2).JPG,1600,1,372,2187,broken
150500d.JPG,2783,545,559,2858,broken
170661.JPG,1,1344,3809,1092,broken
161409h.JPG,1816,930,699,2079,healthy
160851.JPG,1612,879,2901,2035,healthy
150711.JPG,1944,841,4031,3159,broken
160081d.JPG,1611,0,1042,2710,healthy
170062h.JPG,1274,2,523,2135,broken
160647h.JPG,1354,3,1490,3006,broken
170365d.JPG,1716,0,1963,1455,healthy
150598 (2)d.JPG,2092,0,727,2444,healthy
150598 (2)d.JPG,2691,0,722,2361,broken
150707v.JPG,2850,1846,3151,2048,broken
150707v.JPG,878,2424,1523,1574,healthy
161244h.JPG,1925,1208,531,1801,healthy
100279.JPG,1438,4,491,1684,broken
100017d.JPG,1046,6,631,2128,broken
170551.JPG,1205,1,560,2136,broken
170707h.JPG,0,1655,5520,1167,broken
160169.JPG,269,1090,2515,1919,healthy
170858 (2)v.JPG,2431,448,485,2823,broken
170341h.JPG,708,1217,1491,622,broken
170341h.JPG,2214,1,1023,1532,healthy
130015v.JPG,1209,0,639,1580,healthy
161397.JPG,1890,732,1024,2277,healthy
170527h.JPG,710,276,532,2940,broken
100020v.JPG,1293,0,406,1557,healthy
150776v.JPG,1,1037,5154,1967,broken
170530v.JPG,640,506,399,2181,broken
170530v.JPG,0,995,714,273,healthy
170530v.JPG,0,1250,714,167,healthy
170080h.JPG,602,3,1122,3207,broken
150815d.JPG,421,923,4140,2000,healthy
170306d.JPG,2600,0,1653,3510,healthy
150604 (2)v.JPG,2105,1671,1107,2327,broken
150677h.jpg,1566,387,1112,2205,broken
130021.jpg,1971,143,468,2576,healthy
170715v.JPG,29,2,3893,2515,broken
150732h.JPG,0,1113,2972,1501,broken
150732h.JPG,4459,1,1539,1262,healthy
150950d.jpg,1259,0,918,1802,healthy
150465.JPG,166,1,4088,3387,broken
150465.JPG,5042,3005,958,980,healthy
161315.JPG,1726,1343,510,1666,healthy
170127v.JPG,82,20,3121,2101,broken
150951v.jpg,1403,0,951,2587,healthy
160437.JPG,1907,2,826,3006,healthy
170853 (2)d.JPG,1275,27,2732,3120,broken
161490d.JPG,1968,0,1006,1980,healthy
130064h.jpg,1632,0,670,2848,broken
170615h.JPG,2510,2442,1194,1558,broken
160169v.JPG,269,0,2515,1919,healthy
150476h.JPG,1355,982,4037,1719,healthy
161235d.JPG,2081,0,1319,1957,healthy
100201.JPG,120,785,3097,697,healthy
140069h.JPG,1895,1074,621,1775,healthy
160674d.JPG,2136,864,653,2142,healthy
160407h.JPG,1,1,4015,2997,broken
150344.JPG,1761,473,498,2120,healthy
170042v.JPG,1325,870,548,2142,healthy
140031d.JPG,3336,209,950,1642,healthy
140031d.JPG,2,17,3070,2813,broken
170207d.JPG,1449,358,393,1776,broken
161121d.JPG,1909,0,758,1948,healthy
150915d.JPG,0,595,5908,2851,broken
170689 (2)d.JPG,1553,279,331,2161,broken
161437h.JPG,1951,302,619,1997,healthy
170090.JPG,1962,1825,1178,277,broken
150696v.JPG,839,1363,4551,1532,broken
150694 (2)h.JPG,2651,606,535,3325,broken
100213d.JPG,1405,467,732,1667,healthy
150347d.JPG,1824,0,499,2589,healthy
100220.JPG,1012,1,1193,2133,broken
160782h.JPG,3581,1687,458,1321,healthy
160782h.JPG,1287,1524,462,1453,healthy
150951.jpg,1403,5,951,2587,healthy
130013d.JPG,713,0,601,1890,healthy
170332d.JPG,1019,278,2112,1211,healthy
170332d.JPG,3200,533,478,932,healthy
170809h.JPG,1590,718,410,1738,broken
170823 (2)v.JPG,2648,646,713,2968,broken
170211 (2)v.JPG,1573,130,421,1731,healthy
160440 (2)d.JPG,1765,0,898,2665,healthy
140004v.jpeg,249,123,2648,1333,healthy
140030v.JPG,2093,88,623,2756,broken
150480v.JPG,973,1552,4300,930,healthy
150480v.JPG,1,2144,812,1380,healthy
170243v.JPG,1349,267,478,1860,broken
161178.JPG,1823,559,653,2195,healthy
160376d.JPG,1018,890,3014,1409,broken
161134v.JPG,1650,0,830,1974,healthy
161236v.JPG,1853,0,1145,2433,healthy
140048h.JPG,1112,278,2126,2571,healthy
130032h.jpg,1661,220,588,2629,healthy
161036h.JPG,0,92,2462,1558,healthy
161036h.JPG,2730,1,881,1253,healthy
161516v.JPG,2114,13,852,2978,broken
110008d.JPG,853,0,963,719,healthy
161213d.JPG,1812,472,821,2486,healthy
150730.jpg,1000,860,562,2350,healthy
170484.JPG,1972,1370,1709,837,healthy
170484.JPG,1202,1,824,1333,healthy
160442v.JPG,1785,0,716,1741,healthy
161409v.JPG,1996,0,699,2079,healthy
130066v.jpg,346,999,3011,1249,broken
150679 (2)d.JPG,1552,0,2131,2624,healthy
151191h.jpg,0,1,3872,904,healthy
151191h.jpg,6,350,3864,1242,broken
160408.JPG,1342,3,1724,3000,broken
170484v.JPG,1972,248,1709,837,healthy
170484v.JPG,1202,1121,824,1333,healthy
170167.JPG,1256,164,936,1973,healthy
161061h.JPG,2062,1270,466,1250,healthy
170173h.JPG,155,304,1894,1148,broken
170173h.JPG,1977,1,658,1120,healthy
160731h.JPG,1572,757,1002,2252,healthy
130013h.JPG,713,111,601,1890,healthy
170082d.JPG,1154,0,781,2135,broken
161034.JPG,1895,475,606,2534,healthy
110009v.JPG,1,0,654,942,healthy
100136v.JPG,1250,742,1966,1392,broken
100136v.JPG,1328,304,1888,343,healthy
150677d.jpg,1566,0,1112,2205,broken
160771.JPG,887,760,1799,2248,healthy
130107d.jpg,1708,0,1415,2255,broken
170621 (2)v.JPG,1334,0,1276,2455,broken
140070d.JPG,1933,1293,549,1553,broken
140004.jpeg,249,487,2648,1333,healthy
170162d.JPG,1369,0,656,2128,broken
150091d.JPG,1981,665,411,1916,broken
150693 (2).JPG,2513,1377,770,2624,healthy
170082.JPG,1280,2,781,2135,broken
130024d.jpg,1227,0,1110,2848,broken
170174h.JPG,1401,5,454,1383,broken
161061d.JPG,2062,487,466,1250,healthy
160936h.JPG,1573,12,1053,2997,broken
150472.JPG,3799,2466,930,1535,healthy
170183d.JPG,769,825,464,2144,healthy
150679 (2)v.JPG,2316,0,2131,2624,healthy
100136d.JPG,0,742,1966,1392,broken
100136d.JPG,0,304,1888,343,healthy
110007.JPG,1216,231,279,1525,healthy
160731v.JPG,1937,0,1002,2252,healthy
160771d.JPG,1825,0,1799,2248,healthy
170331 (2).JPG,1,1269,385,777,healthy
170331 (2).JPG,506,918,1934,1334,healthy
130066d.jpg,930,999,3011,1249,broken
170866 (2)h.JPG,3768,2009,1750,1081,broken
170866 (2)h.JPG,1614,238,1927,2563,broken
160407v.JPG,495,9,4015,2997,broken
15072d.jpg,1408,476,2458,1089,healthy
160165.JPG,537,682,2767,1616,broken
150638 (2)d.JPG,2744,0,855,3554,healthy
161177v.JPG,1886,105,409,1492,healthy
150820.JPG,592,1404,5099,1221,healthy
150711v.JPG,1944,0,4031,3159,broken
160786v.JPG,226,1529,1037,1477,healthy
160786v.JPG,1448,945,3064,1840,healthy
130015h.JPG,1159,421,639,1580,healthy
150438.JPG,2267,1,1358,3980,broken
160538d.JPG,1942,0,944,2012,healthy
170516v.JPG,1090,1049,682,1085,broken
150525.JPG,2314,146,1152,3855,healthy
150839.JPG,4232,2540,1768,780,healthy
150839.JPG,1578,390,2400,2710,broken
150879v.JPG,2071,1397,3930,1808,broken
150879v.JPG,545,2298,1211,1700,healthy
160516v.JPG,1773,0,783,2854,healthy
170506 (2)h.JPG,0,673,1362,995,healthy
170506 (2)h.JPG,1385,1,825,1543,broken
130126.jpg,1858,24,668,2782,healthy
130113h.jpg,1941,1,448,2704,healthy
170103h.JPG,1123,2,1413,2116,broken
170115d.JPG,0,457,1314,1183,healthy
170115d.JPG,1569,609,1841,1845,broken
170187.JPG,889,1,518,2417,healthy
161034d.JPG,2010,0,606,2534,healthy
150458h.JPG,1186,1414,3878,1052,healthy
150458h.JPG,5111,118,887,1371,healthy
100015v.JPG,1408,1,370,1745,broken
161061.JPG,1983,1270,466,1250,healthy
100138v.JPG,710,3,526,3212,broken
170810v.JPG,1490,658,310,1633,broken
161423v.JPG,1583,0,859,2585,healthy
100213h.JPG,1405,1,732,1667,healthy
160559.JPG,2042,740,1336,2269,healthy
160777v.JPG,1840,0,737,1590,healthy
161338h.JPG,1685,1318,763,1691,healthy
160873Av.JPG,980,0,1943,2374,healthy
170222.JPG,1166,1,455,2129,broken
170807v.JPG,1531,0,410,1598,broken
100138.JPG,710,0,526,3212,broken
161057d.JPG,1285,0,1432,2997,healthy
100281h.JPG,1457,720,641,1416,broken
170125v.JPG,1338,0,772,1557,healthy
150711 (2)d.JPG,2557,50,676,3709,healthy
150776.JPG,1,995,5154,1967,broken
170071.JPG,1421,2,877,2116,broken
100220v.JPG,1012,1,1193,2133,broken
161237h.JPG,2056,1659,506,1344,healthy
170080v.JPG,411,5,1122,3207,broken
170828 (2)d.JPG,2400,572,682,2497,broken
170530.JPG,640,528,399,2181,broken
170530.JPG,0,1947,714,273,healthy
170530.JPG,0,1798,714,167,healthy
170058v.JPG,1531,859,1686,962,broken
170115h.JPG,0,815,1314,1183,healthy
170115h.JPG,1569,1,1841,1845,broken
150677.jpg,1193,387,1112,2205,broken
170351 (2)h.JPG,1673,773,1132,1684,healthy
170342.JPG,1244,6,1302,2439,broken
160785h.JPG,1921,1419,2589,1550,healthy
170516.JPG,1090,1,682,1085,broken
150950h.jpg,1259,791,918,1802,healthy
150491d.JPG,2936,1318,3062,2488,broken
150740 (2).JPG,2790,274,695,3300,healthy
150477v.JPG,4616,2115,1380,1883,healthy
150477v.JPG,719,1477,3859,1130,healthy
170240 (2)v.JPG,1535,0,743,1615,healthy
150693 (2)d.JPG,2716,0,770,2624,healthy
170172.JPG,1675,1,481,1281,broken
150949h.jpg,1738,699,410,1791,healthy
150800v.jpg,1307,0,609,2060,healthy
170533d.JPG,1760,49,323,1861,broken
100009v.JPG,1514,0,471,1597,healthy
130027h.jpg,1855,292,468,2467,healthy
170870 (2)d.JPG,3374,536,1963,1108,healthy
170870 (2)d.JPG,1761,836,1494,2544,broken
100137d.JPG,1196,11,1258,2115,broken
170735d.JPG,1673,0,512,1617,broken
170163h.JPG,1474,11,754,2119,broken
160036d.JPG,1719,0,851,1825,broken
161268v.JPG,1465,0,1180,2391,healthy
170097.JPG,1746,0,400,2136,broken
170170h.JPG,836,620,316,2122,healthy
161099d.JPG,1605,0,855,1822,healthy
170099v.JPG,926,447,505,2227,healthy
170502 (2)v.JPG,2000,723,1680,1447,healthy
170502 (2)v.JPG,549,818,1367,1636,broken
160936.JPG,1885,12,1053,2997,broken
170823 (2)h.JPG,2158,65,713,2968,broken
161237v.JPG,1949,4,506,1344,healthy
150347v.JPG,1548,0,499,2589,healthy
170163v.JPG,987,5,754,2119,broken
170689 (2)h.JPG,1553,15,331,2161,broken
100017.JPG,1538,1,631,2128,broken
100288.JPG,60,494,2421,1642,broken
150462.JPG,2631,9,652,3547,broken
100267.JPG,992,214,1398,1922,broken
160935.JPG,1537,12,1825,2997,broken
170869 (2)h.JPG,2400,636,728,2430,broken
170177h.JPG,1358,5,493,2125,broken
161396v.JPG,1705,0,948,1953,healthy
170087.JPG,1471,5,682,2132,broken
161057.JPG,1794,12,1432,2997,healthy
160705h.JPG,1744,1124,796,1885,healthy
170160 (2)h.JPG,1824,540,630,1916,broken
170046.JPG,1416,0,654,2132,broken
151191.jpg,1,1,3872,904,healthy
151191.jpg,1,350,3864,1242,broken
161437v.JPG,1941,708,619,1997,healthy
161237.JPG,1949,1659,506,1344,healthy
161355.JPG,1642,1170,1209,1839,healthy
160028h.JPG,1885,171,770,2837,healthy
161121v.JPG,1844,0,758,1948,healthy
150815.JPG,1438,1076,4140,2000,healthy
170193d.JPG,1337,0,697,2058,broken
150472h.JPG,1270,2466,930,1535,healthy
100010h.JPG,1015,635,2199,1350,broken
170218.JPG,1166,256,369,2666,healthy
161099v.JPG,2051,0,855,1822,healthy
150694 (2)v.JPG,2813,68,535,3325,broken
150344d.JPG,1612,0,498,2120,healthy
150722 (2)d.JPG,2801,463,591,2638,healthy
100137v.JPG,761,11,1258,2115,broken
170691 (2)v.JPG,1600,267,372,2187,broken
150465d.JPG,1745,611,4088,3387,broken
150465d.JPG,0,14,958,980,healthy
161276v.JPG,1785,0,813,2715,healthy
170199d.JPG,1810,0,885,1560,healthy
170306h.JPG,2600,491,1653,3510,healthy
170167d.JPG,1023,0,936,1973,healthy
150623 (2)d.JPG,2519,341,774,3441,healthy
150623 (2)d.JPG,3111,669,835,3329,healthy
150454.JPG,1937,90,4064,2277,broken
150454.JPG,1,747,1230,1379,healthy
170192d.JPG,1334,146,1168,1984,broken
161507v.JPG,1886,0,708,1721,healthy
170063h.JPG,732,2,832,2135,broken
161121.JPG,1844,1061,758,1948,healthy
170103.JPG,679,2,1413,2116,broken
110018d.JPG,835,443,250,1440,healthy
140032v.JPG,2001,407,548,2433,broken
140049v.JPG,1817,140,544,2706,broken
160673h.JPG,1909,1246,686,1763,healthy
161245h.JPG,1883,614,561,2102,healthy
161397d.JPG,1597,0,1024,2277,healthy
170079.JPG,655,3,719,3214,broken
100015d.JPG,1437,1,370,1745,broken
150843v.JPG,256,1481,4646,1255,broken
170516d.JPG,1443,1049,682,1085,broken
150599 (2)d.JPG,1961,1851,4037,1232,healthy
150599 (2)d.JPG,1970,1028,4028,1293,broken
160785v.JPG,1,38,2589,1550,healthy
160190h.JPG,55,1,4432,2981,broken
161409.JPG,1996,930,699,2079,healthy
160840v.JPG,1937,0,602,2623,healthy
160407.JPG,495,1,4015,2997,broken
130013.JPG,1693,111,601,1890,healthy
170315 (2)v.JPG,1026,701,2127,547,healthy
160036.JPG,1941,1183,851,1825,broken
100201v.JPG,120,653,3097,697,healthy
160096v.JPG,1532,0,1277,2172,healthy
150907d.JPG,5257,0,740,261,healthy
150907d.JPG,1435,90,3356,3367,healthy
161062.JPG,1697,12,1289,2997,healthy
160705v.JPG,1971,0,796,1885,healthy
170306.JPG,1746,491,1653,3510,healthy
150623 (2)v.JPG,2706,341,774,3441,healthy
150623 (2)v.JPG,2053,669,835,3329,healthy
161502h.JPG,818,7,1497,2991,broken
161219.JPG,1747,1002,872,2007,healthy
130061d.jpg,2071,41,598,2735,broken
160840h.JPG,1972,386,602,2623,healthy
160605.JPG,273,1,2355,1641,healthy
160605.JPG,2463,1,1378,1788,healthy
150454h.JPG,0,90,4064,2277,broken
150454h.JPG,4768,747,1230,1379,healthy
160047d.JPG,1925,0,742,2884,healthy
160643v.JPG,1928,0,582,1843,healthy
100281v.JPG,1117,0,641,1416,broken
170806.JPG,1473,1,612,2248,broken
150500h.JPG,2783,596,559,2858,broken
160454v.JPG,2143,401,911,2605,broken
160851d.JPG,0,93,2901,2035,healthy
150599 (2)v.JPG,1,1851,4037,1232,healthy
150599 (2)v.JPG,1,1028,4028,1293,broken
000001268.JPG,1605,0,1350,2913,broken
170243.JPG,1349,8,478,1860,broken
160842h.JPG,1816,45,741,2964,healthy
130030d.jpg,1788,0,688,2624,healthy
161237d.JPG,2056,4,506,1344,healthy
150438h.JPG,2374,1,1358,3980,broken
170030d.JPG,87,380,7272,2263,healthy
150664 (2).JPG,1886,1320,1311,2680,broken
170007h.JPG,1191,1375,3526,649,healthy
130013v.JPG,1693,0,601,1890,healthy
100137h.JPG,1196,9,1258,2115,broken
130126v.jpg,1858,41,668,2782,healthy
161020v.JPG,1806,0,683,2007,healthy
170082v.JPG,1280,0,781,2135,broken
150820h.JPG,308,1404,5099,1221,healthy
170222v.JPG,1166,5,455,2129,broken
160926d.JPG,1605,0,961,2193,healthy
170088v.JPG,587,116,1580,2014,broken
170571d.JPG,643,1327,554,1887,broken
170305 (2)v.JPG,1611,0,423,1185,healthy
161235h.JPG,2081,1052,1319,1957,healthy
161312v.JPG,2000,0,939,1986,healthy
160778h.JPG,2064,551,498,2292,healthy
151397d.jpg,1231,233,2181,1600,broken
100268.JPG,1163,1,642,1697,broken
170735h.JPG,1673,839,512,1617,broken
150040.JPG,1700,1397,566,1196,healthy
170341d.JPG,708,616,1491,622,broken
170341d.JPG,2214,922,1023,1532,healthy
150091v.JPG,1479,665,411,1916,broken
160165v.JPG,537,709,2767,1616,broken
170079v.JPG,655,0,719,3214,broken
170370.JPG,1576,1086,901,1371,healthy
170223.JPG,1008,1,583,2135,broken
000000986h.jpeg,834,345,599,1079,broken
170715.JPG,29,1162,3893,2515,broken
160376.JPG,479,708,3014,1409,broken
160936v.JPG,1885,0,1053,2997,broken
150346h.JPG,1679,601,486,1991,healthy
110007d.JPG,1400,187,279,1525,healthy
170168v.JPG,1085,0,353,543,healthy
110018h.JPG,835,60,250,1440,healthy
130107.jpg,1164,592,1415,2255,broken
170127.JPG,82,14,3121,2101,broken
161036d.JPG,0,1357,2462,1558,healthy
161036d.JPG,2730,1753,881,1253,healthy
150867d.JPG,197,1425,3860,1827,broken
150867d.JPG,4440,1665,1558,1860,healthy
130066.jpg,346,599,3011,1249,broken
160440 (2).JPG,1848,344,898,2665,healthy
150446v.JPG,2479,512,3520,2111,broken
130040d.JPG,93,0,2913,1999,broken
170278 (2)d.JPG,1528,0,451,1446,healthy
150491h.JPG,2936,193,3062,2488,broken
150633d.JPG,740,702,4740,2364,broken
160935v.JPG,1537,0,1825,2997,broken
170621 (2)d.JPG,1069,0,1276,2455,broken
130061.jpg,1618,71,598,2735,broken
170365v.JPG,0,0,1963,1455,healthy
170029h.JPG,78,511,284,569,healthy
170029h.JPG,477,365,1139,491,broken
170317 (2)v.JPG,1827,72,547,2023,healthy
160648h.JPG,1799,7,1083,3002,broken
161276d.JPG,1913,0,813,2715,healthy
170329 (2).JPG,1637,1266,1747,1190,healthy
130047d.JPG,1200,2,1725,1996,broken
161423.JPG,1583,424,859,2585,healthy
150731v.JPG,4312,1963,1689,1082,broken
150731v.JPG,1268,2712,1956,1286,healthy
100268d.JPG,1410,437,642,1697,broken
150526h.JPG,2636,338,803,3199,healthy
160442d.JPG,2010,0,716,1741,healthy
161088v.JPG,1090,0,1820,2016,healthy
150469.JPG,2374,9,1148,3992,broken
170810h.JPG,1879,164,310,1633,broken
170212 (2)v.JPG,1549,134,547,1832,healthy
161314.JPG,2042,1,708,2520,broken
150460.JPG,409,907,4723,2179,healthy
140069v.JPG,1771,0,621,1775,healthy
170699v.JPG,1,862,4362,1162,broken
150878d.JPG,2382,784,1137,3214,broken
150878d.JPG,3515,0,804,403,healthy
160693.JPG,2025,1200,569,1809,healthy
15073d.jpg,0,1175,3871,1400,healthy
170062v.JPG,1418,0,523,2135,broken
161409d.JPG,1816,0,699,2079,healthy
161219v.JPG,1747,0,872,2007,healthy
170562.JPG,1,212,2646,1797,broken
140032.JPG,2001,7,548,2433,broken
170807d.JPG,1738,0,410,1598,broken
170243d.JPG,1388,267,478,1860,broken
130060h.jpg,1849,7,453,2421,broken
100268h.JPG,1410,1,642,1697,broken
170160.JPG,676,1,1391,1817,broken
170160.JPG,1,961,615,1036,healthy
150438v.JPG,2267,18,1358,3980,broken
170030h.JPG,87,2268,7272,2263,healthy
160435d.JPG,1896,0,813,1906,healthy
170520d.JPG,1825,774,443,1680,broken
15073v.jpg,2,1175,3871,1400,healthy
161510v.JPG,1519,0,1680,3006,broken
160647d.JPG,1354,0,1490,3006,broken
161245d.JPG,1883,291,561,2102,healthy
170315 (2)h.JPG,526,1207,2127,547,healthy
160165d.JPG,1207,709,2767,1616,broken
170853 (2).JPG,1512,532,2732,3120,broken
170341.JPG,1480,1217,1491,622,broken
170341.JPG,442,1,1023,1532,healthy
170128h.JPG,1093,11,624,2110,broken
170243h.JPG,1388,8,478,1860,broken
130027d.jpg,1855,88,468,2467,healthy
161212d.JPG,1559,0,1348,2264,healthy
151368d.jpg,1743,0,710,2590,broken
170520.JPG,1411,1,443,1680,broken
150598h.JPG,931,1273,5067,1951,broken
161219h.JPG,1892,1002,872,2007,healthy
100297.JPG,1168,1,727,1566,broken
170332.JPG,548,966,2112,1211,healthy
170332.JPG,1,990,478,932,healthy
140021h.JPG,1179,653,1351,2196,healthy
160047.JPG,1844,125,742,2884,healthy
150526v.JPG,2560,462,803,3199,healthy
15072h.jpg,1408,1026,2458,1089,healthy
170869 (2)v.JPG,2391,613,728,2430,broken
160873A.JPG,980,635,1943,2374,healthy
150664 (2)d.JPG,2802,0,1311,2680,broken
170247d.JPG,1271,116,517,2017,broken
170370d.JPG,1202,0,901,1371,healthy
130038d.JPG,24,15,2962,1958,broken
170484d.JPG,0,248,1709,837,healthy
170484d.JPG,1653,1121,824,1333,healthy
150623 (2).JPG,2706,217,774,3441,healthy
150623 (2).JPG,2053,1,835,3329,healthy
161020h.JPG,2022,1002,683,2007,healthy
130047h.JPG,1200,1,1725,1996,broken
160190.JPG,24,1,4432,2981,broken
150631.JPG,5442,2043,559,667,healthy
150631.JPG,363,1039,4572,1718,healthy
160782v.JPG,472,0,458,1321,healthy
160782v.JPG,2762,30,462,1453,healthy
170685d.JPG,361,1264,3799,956,broken
160081.JPG,1858,299,1042,2710,healthy
170277 (2)d.JPG,1504,492,1455,1118,healthy
150345v.JPG,1639,0,523,2583,healthy
170651.JPG,1676,13,475,2155,broken
150677v.jpg,1193,0,1112,2205,broken
170685v.JPG,1359,1264,3799,956,broken
170571.JPG,938,1,554,1887,broken
150604 (2)d.JPG,2787,1671,1107,2327,broken
170615.JPG,2295,2442,1194,1558,broken
170513 (2)v.JPG,679,13,2238,2432,broken
170030.JPG,0,2268,7272,2263,healthy
170236d.JPG,1429,0,546,2125,broken
150362d.JPG,0,19,4675,3103,broken
170177d.JPG,1358,5,493,2125,broken
170040d.JPG,3389,401,702,3293,broken
100200v.JPG,205,773,2908,611,healthy
170063v.JPG,1651,0,832,2135,broken
140016h.JPG,1500,827,2688,2022,healthy
161213v.JPG,1878,472,821,2486,healthy
170305 (2)h.JPG,1645,1272,423,1185,healthy
170002v.JPG,1294,2086,4802,949,healthy
16064d.JPG,2094,0,535,1717,healthy
140065d.JPG,1427,0,1731,1982,healthy
170095.JPG,1391,945,1022,1192,broken
170191d.JPG,791,0,712,2079,healthy
170487v.JPG,1227,0,1459,2454,broken
161178d.JPG,2035,253,653,2195,healthy
170042d.JPG,1517,870,548,2142,healthy
160096h.JPG,1702,837,1277,2172,healthy
150716 (2)v.JPG,2363,0,1136,2869,healthy
161490v.JPG,1537,0,1006,1980,healthy
170174.JPG,1360,5,454,1383,broken
100009d.JPG,1230,0,471,1597,healthy
161396.JPG,1705,1056,948,1953,healthy
170173d.JPG,155,683,1894,1148,broken
170173d.JPG,1977,1014,658,1120,healthy
000006140.JPG,1112,491,633,1642,broken
140069d.JPG,1895,0,621,1775,healthy
100009h.JPG,1230,540,471,1597,healthy
170167h.JPG,1023,164,936,1973,healthy
150525v.JPG,2314,0,1152,3855,healthy
150950.jpg,1694,791,918,1802,healthy
140016.JPG,99,827,2688,2022,healthy
161099h.JPG,1605,1187,855,1822,healthy
100200d.JPG,102,773,2908,611,healthy
100228v.JPG,1434,521,1222,1613,broken
150469h.JPG,2477,9,1148,3992,broken
170061.JPG,1521,5,1556,2122,broken
100280h.JPG,1120,9,506,2128,broken
170370h.JPG,1202,1086,901,1371,healthy
150867.JPG,1942,747,3860,1827,broken
150867.JPG,1,474,1558,1860,healthy
161088.JPG,1090,993,1820,2016,healthy
150839d.JPG,0,679,1768,780,healthy
150839d.JPG,2021,899,2400,2710,broken
130019.jpg,2672,1,1623,2120,healthy
130019.jpg,1267,3,2258,2715,broken
170039h.JPG,1163,5,670,2132,broken
170351 (2).JPG,874,773,1132,1684,healthy
161212.JPG,1604,745,1348,2264,healthy
150696 (2)h.JPG,2482,607,835,3394,healthy
170522v.JPG,1586,448,364,1363,broken
160605v.JPG,273,1365,2355,1641,healthy
160605v.JPG,2463,1218,1378,1788,healthy
130045v.jpg,1851,68,555,2601,healthy
160559v.JPG,2042,0,1336,2269,healthy
161213.JPG,1878,49,821,2486,healthy
130041d.JPG,160,0,2846,2000,broken
170690 (2)v.JPG,1646,0,346,1920,broken
160164.JPG,1794,1,607,2269,broken
160873Ah.JPG,1588,635,1943,2374,healthy
130024v.jpg,1950,0,1110,2848,broken
161315d.JPG,2275,0,510,1666,healthy
150949d.jpg,1738,101,410,1791,healthy
170487d.JPG,993,0,1459,2454,broken
170208.JPG,1094,815,1284,1321,broken
170097d.JPG,1069,0,400,2136,broken
170013h.JPG,956,1,529,2790,broken
170533v.JPG,1596,49,323,1861,broken
110008h.JPG,853,1226,963,719,healthy
170068h.JPG,1666,8,864,2128,broken
150730v.jpg,1000,661,562,2350,healthy
161507.JPG,1886,1288,708,1721,healthy
160777d.JPG,1934,0,737,1590,healthy
150952.jpg,1781,1,816,2495,healthy
160028.JPG,1856,171,770,2837,healthy
160028d.JPG,1885,0,770,2837,healthy
170869 (2).JPG,2391,636,728,2430,broken
160376v.JPG,479,890,3014,1409,broken
161397v.JPG,1890,0,1024,2277,healthy
161396d.JPG,1858,0,948,1953,healthy
170041d.JPG,1710,1735,1548,3175,healthy
170041d.JPG,3045,1370,1899,2257,healthy
161244v.JPG,2055,0,531,1801,healthy
160538v.JPG,1625,0,944,2012,healthy
161510h.JPG,1312,3,1680,3006,broken
170099.JPG,926,541,505,2227,healthy
160408h.JPG,1445,3,1724,3000,broken
150447.JPG,2557,271,791,3729,broken
110009.JPG,1,1003,654,942,healthy
170211 (2)h.JPG,1685,594,421,1731,healthy
160096.JPG,1532,837,1277,2172,healthy
161268.JPG,1465,618,1180,2391,healthy
160516.JPG,1773,155,783,2854,healthy
130021d.jpg,1848,128,468,2576,healthy
161510d.JPG,1312,0,1680,3006,broken
161516d.JPG,1545,13,852,2978,broken
151368h.jpg,1743,3,710,2590,broken
160082 (2)h.JPG,1761,12,1074,2997,healthy
140030h.JPG,1571,3,623,2756,broken
160046h.JPG,2216,12,691,2997,healthy
150525d.JPG,2533,0,1152,3855,healthy
130015d.JPG,1159,0,639,1580,healthy
150447d.JPG,2651,0,791,3729,broken
100279v.JPG,1438,447,491,1684,broken
170809.JPG,1679,718,410,1738,broken
160647v.JPG,1667,0,1490,3006,broken
170124h.JPG,990,1,496,1214,broken
150732d.JPG,0,1385,2972,1501,broken
150732d.JPG,4459,2736,1539,1262,healthy
160777h.JPG,1934,1419,737,1590,healthy
170709d.JPG,0,711,1849,1373,healthy
170709d.JPG,2517,1387,2328,2288,broken
170235h.JPG,1179,5,1779,2128,broken
170735.JPG,1494,839,512,1617,broken
150602 (2)v.JPG,2793,727,963,3271,broken
130032d.jpg,1661,0,588,2629,healthy
161436.JPG,1596,155,964,2768,healthy
130021h.jpg,1848,143,468,2576,healthy
170562v.JPG,1,126,2646,1797,broken
160507h.JPG,2039,837,792,2172,healthy
170690 (2)d.JPG,1687,0,346,1920,broken
170040v.JPG,3268,401,702,3293,broken
140031h.JPG,3336,996,950,1642,healthy
140031h.JPG,2,17,3070,2813,broken
160036v.JPG,1941,0,851,1825,broken
150473.JPG,2616,353,723,3531,healthy
160047h.JPG,1925,125,742,2884,healthy
140048v.JPG,1049,0,2126,2571,healthy
160840d.JPG,1972,0,602,2623,healthy
170068v.JPG,685,0,864,2128,broken
170032d.JPG,3246,772,852,4138,broken
150473h.JPG,2660,353,723,3531,healthy
170199v.JPG,984,0,885,1560,healthy
100124h.JPG,775,9,1348,2128,broken
150446d.JPG,0,512,3520,2111,broken
150606d.JPG,633,1544,4488,939,healthy
150606d.JPG,5308,2651,690,1277,healthy
150491.JPG,1,193,3062,2488,broken
170513 (2)h.JPG,762,10,2238,2432,broken
170278 (2).JPG,1700,1011,451,1446,healthy
110008.JPG,1079,1226,963,719,healthy
160936d.JPG,1573,0,1053,2997,broken
100268v.JPG,1163,437,642,1697,broken
000000986d.jpeg,834,0,599,1079,broken
160376h.JPG,1018,708,3014,1409,broken
160785.JPG,1,1419,2589,1550,healthy
170002h.JPG,1263,1876,4802,949,healthy
150727 (2)d.JPG,2763,181,714,3615,healthy
170528.JPG,857,277,446,2482,broken
151401.jpg,985,1122,1197,1471,healthy
151401.jpg,1472,1135,1154,1458,broken
170062d.JPG,1274,0,523,2135,broken
161439d.JPG,1458,0,1007,1797,healthy
170277 (2)h.JPG,1504,845,1455,1118,healthy
130024h.jpg,1227,1,1110,2848,broken
150476.JPG,607,982,4037,1719,healthy
170305 (2)d.JPG,1645,0,423,1185,healthy
170193v.JPG,1181,0,697,2058,broken
150694 (2)d.JPG,2651,68,535,3325,broken
100288d.JPG,734,0,2421,1642,broken
160454h.JPG,1457,1,911,2605,broken
170037v.JPG,1136,723,715,1731,broken
170041v.JPG,4101,1735,1548,3175,healthy
170041v.JPG,2415,1370,1899,2257,healthy
161490.JPG,1537,1027,1006,1980,healthy
150711h.JPG,24,841,4031,3159,broken
140065h.JPG,1427,867,1731,1982,healthy
170207v.JPG,1373,358,393,1776,broken
140061v.JPG,2001,8,701,2838,broken
150452.JPG,1107,1,4894,3287,broken
150452.JPG,1,1,1297,2633,healthy
170807h.JPG,1738,858,410,1598,broken
160716d.JPG,1341,0,1562,2104,healthy
170199h.JPG,1810,897,885,1560,healthy
170128v.JPG,1498,14,624,2110,broken
170331 (2)d.JPG,3293,409,385,777,healthy
170331 (2)d.JPG,1239,203,1934,1334,healthy
140032d.JPG,1738,407,548,2433,broken
150664 (2)h.JPG,2802,1320,1311,2680,broken
150648 (2)v.JPG,2701,106,657,3549,healthy
150395v.JPG,743,1218,3977,1283,broken
170809v.JPG,1679,0,410,1738,broken
160046v.JPG,1604,0,691,2997,healthy
140016v.JPG,99,0,2688,2022,healthy
100016v.JPG,1196,0,548,2136,broken
160175.JPG,2194,1,640,1804,broken
161200.JPG,1900,1150,845,1840,broken
170007d.JPG,1191,1655,3526,649,healthy
170870 (2).JPG,182,2035,1963,1108,healthy
170870 (2).JPG,2264,299,1494,2544,broken
130061v.jpg,1618,41,598,2735,broken
160438h.JPG,2010,28,783,2981,healthy
161461.JPG,1866,1257,606,1752,healthy
161388.JPG,1831,753,1184,2256,healthy
100220h.JPG,1010,1,1193,2133,broken
170569d.JPG,1298,0,610,2028,broken
160851v.JPG,1612,93,2901,2035,healthy
150878v.JPG,2480,784,1137,3214,broken
150878v.JPG,1680,0,804,403,healthy
160643.JPG,1928,1166,582,1843,healthy
170506 (2)d.JPG,0,787,1362,995,healthy
170506 (2)d.JPG,1385,911,825,1543,broken
130060d.jpg,1849,419,453,2421,broken
160082 (2).JPG,1676,12,1074,2997,healthy
150480h.JPG,726,1517,4300,930,healthy
150480h.JPG,5186,475,812,1380,healthy
170162h.JPG,1369,8,656,2128,broken
170571h.JPG,643,1,554,1887,broken
160852v.JPG,436,779,4076,1818,healthy
150480d.JPG,726,1552,4300,930,healthy
150480d.JPG,5186,2144,812,1380,healthy
150477h.JPG,3,1,1380,1883,healthy
150477h.JPG,1421,1392,3859,1130,healthy
170095v.JPG,1391,0,1022,1192,broken
100297v.JPG,1168,568,727,1566,broken
100010.JPG,1,635,2199,1350,broken
150714 (2)d.JPG,2613,0,742,3610,healthy
160438d.JPG,2010,0,783,2981,healthy
160935d.JPG,1149,0,1825,2997,broken
170516h.JPG,1443,1,682,1085,broken
150638 (2)v.JPG,2400,0,855,3554,healthy
161062v.JPG,1697,0,1289,2997,healthy
170513 (2).JPG,679,10,2238,2432,broken
160029v.JPG,2034,0,766,2256,healthy
140049d.JPG,1926,140,544,2706,broken
100010d.JPG,1015,150,2199,1350,broken
170709.JPG,3672,1595,1849,1373,healthy
170709.JPG,674,4,2328,2288,broken
170518v.JPG,1145,341,471,1793,broken
170528d.JPG,832,456,446,2482,broken
150602 (2)d.JPG,2243,727,963,3271,broken
170567v.JPG,1,1134,783,1000,healthy
170567v.JPG,869,936,1894,763,broken
110007v.JPG,1216,187,279,1525,healthy
170235v.JPG,257,2,1779,2128,broken
150345d.JPG,1709,0,523,2583,healthy
160623.JPG,1777,1,611,2922,healthy
170506 (2).JPG,2319,673,1362,995,healthy
170506 (2).JPG,1469,1,825,1543,broken
170313 (2)d.JPG,1563,0,591,1484,healthy
150915.JPG,93,553,5908,2851,broken
160175h.JPG,1677,1,640,1804,broken
170032v.JPG,3261,772,852,4138,broken
100267v.JPG,992,0,1398,1922,broken
161510.JPG,1519,3,1680,3006,broken
170858 (2)d.JPG,2603,448,485,2823,broken
161439h.JPG,1458,1212,1007,1797,healthy
160896h.JPG,1732,12,1044,2997,healthy
161355h.JPG,1660,1170,1209,1839,healthy
160785d.JPG,1921,38,2589,1550,healthy
170651v.JPG,1676,287,475,2155,broken
100017h.JPG,1046,1,631,2128,broken
150952d.jpg,1274,95,816,2495,healthy
150526d.JPG,2636,462,803,3199,healthy
170068d.JPG,1666,0,864,2128,broken
161500h.JPG,1736,7,776,3002,broken
170551h.JPG,1450,1,560,2136,broken
110018.JPG,1810,60,250,1440,healthy
160777.JPG,1840,1419,737,1590,healthy
170211 (2)d.JPG,1685,130,421,1731,healthy
150722 (2)h.JPG,2801,898,591,2638,healthy
160047v.JPG,1844,0,742,2884,healthy
170329 (2)h.JPG,295,1266,1747,1190,healthy
150707h.JPG,0,105,3151,2048,broken
150707h.JPG,3598,1,1523,1574,healthy
100124v.JPG,1092,0,1348,2128,broken
161436d.JPG,1951,84,964,2768,healthy
161283d.JPG,1081,782,1948,1953,healthy
170061h.JPG,138,5,1556,2122,broken
150716 (2)d.JPG,2500,0,1136,2869,healthy
170192h.JPG,1334,5,1168,1984,broken
160842v.JPG,1954,0,741,2964,healthy
130037.jpg,1864,212,448,2573,healthy
170713h.JPG,2449,1,819,2564,broken
170042.JPG,1325,2068,548,2142,healthy
161515d.JPG,0,1449,1172,1557,healthy
161515d.JPG,1277,976,3210,2019,broken
161338v.JPG,2063,0,763,1691,healthy
160169d.JPG,1727,0,2515,1919,healthy
100136h.JPG,0,1,1966,1392,broken
100136h.JPG,0,1488,1888,343,healthy
161500.JPG,1999,7,776,3002,broken
150346v.JPG,1706,0,486,1991,healthy
170115v.JPG,2367,457,1314,1183,healthy
170115v.JPG,269,609,1841,1845,broken
170810.JPG,1490,164,310,1633,broken
130047.JPG,82,1,1725,1996,broken
170208v.JPG,1094,0,1284,1321,broken
150454d.JPG,0,1632,4064,2277,broken
150454d.JPG,4768,1873,1230,1379,healthy
151397h.jpg,1231,758,2181,1600,broken
151397.jpg,459,758,2181,1600,broken
170079d.JPG,761,0,719,3214,broken
170858 (2)h.JPG,2603,408,485,2823,broken
170097h.JPG,1069,0,400,2136,broken
150606v.JPG,878,1544,4488,939,healthy
150606v.JPG,1,2651,690,1277,healthy
150472d.JPG,1270,0,930,1535,healthy
160169h.JPG,1727,1090,2515,1919,healthy
100213v.JPG,1078,467,732,1667,healthy
140049h.JPG,1926,1,544,2706,broken
170562d.JPG,568,126,2646,1797,broken
170191h.JPG,791,1138,712,2079,healthy
161461h.JPG,2039,1257,606,1752,healthy
170342h.JPG,1133,6,1302,2439,broken
140061.JPG,2001,1,701,2838,broken
130126h.jpg,1761,24,668,2782,healthy
170183.JPG,902,246,464,2144,healthy
161034v.JPG,1895,0,606,2534,healthy
170365h.JPG,1716,1001,1963,1455,healthy
170160 (2)v.JPG,1225,0,630,1916,broken
150730h.jpg,1029,860,562,2350,healthy
170046d.JPG,1145,3,654,2132,broken
160731.JPG,1937,757,1002,2252,healthy
170651h.JPG,1528,13,475,2155,broken
160029d.JPG,1711,0,766,2256,healthy
130027.jpg,1964,292,468,2467,healthy
161036v.JPG,2051,1357,2462,1558,healthy
161036v.JPG,900,1753,881,1253,healthy
160029h.JPG,1711,753,766,2256,healthy
130012d.JPG,1018,0,691,1575,healthy
161235v.JPG,1111,0,1319,1957,healthy
150447h.JPG,2651,271,791,3729,broken
140004d.jpeg,0,123,2648,1333,healthy
150731d.JPG,0,1963,1689,1082,broken
150731d.JPG,2775,2712,1956,1286,healthy
140049.JPG,1817,1,544,2706,broken
151191d.jpg,0,1686,3872,904,healthy
151191d.jpg,6,999,3864,1242,broken
170172d.JPG,1059,853,481,1281,broken
130031v.jpg,1777,0,542,2848,healthy
160081v.JPG,1858,0,1042,2710,healthy
000000795h.jpeg,978,360,268,1064,broken
100124d.JPG,775,0,1348,2128,broken
160082 (2)v.JPG,1676,0,1074,2997,healthy
100016.JPG,1196,1,548,2136,broken
170031v.JPG,1204,1825,4245,1018,healthy
160516d.JPG,1955,0,783,2854,healthy
161211d.JPG,1723,0,1070,2505,healthy
150800h.jpg,1955,533,609,2060,healthy
160437v.JPG,1907,0,826,3006,healthy
170278 (2)h.JPG,1528,1011,451,1446,healthy
161466.JPG,45,322,3613,2686,broken
100023d.JPG,965,0,806,2133,broken
170823 (2).JPG,2648,65,713,2968,broken
161200v.JPG,1900,17,845,1840,broken
000001268h.JPG,1972,0,1350,2913,broken
161312d.JPG,1572,0,939,1986,healthy
130060.jpg,1985,7,453,2421,broken
170127d.JPG,12,20,3121,2101,broken
150500v.JPG,2657,545,559,2858,broken
130019v.jpg,2672,726,1623,2120,healthy
130019v.jpg,1267,129,2258,2715,broken
150469v.JPG,2374,0,1148,3992,broken
170715h.JPG,1597,1162,3893,2515,broken
160437h.JPG,1778,2,826,3006,healthy
170708.JPG,4683,1,683,808,healthy
170708.JPG,2143,5,1298,3675,broken
161178v.JPG,1823,253,653,2195,healthy
100293v.JPG,114,0,2326,2136,broken
170212 (2)d.JPG,1583,134,547,1832,healthy
150395h.JPG,1279,1498,3977,1283,broken
161338d.JPG,1685,0,763,1691,healthy
160674.JPG,1722,1,653,2142,healthy
170183h.JPG,769,246,464,2144,healthy
160440 (2)v.JPG,1848,0,898,2665,healthy
161283h.JPG,1081,272,1948,1953,healthy
150362v.JPG,1324,19,4675,3103,broken
150599 (2).JPG,1,916,4037,1232,healthy
150599 (2).JPG,1,1678,4028,1293,broken
170079h.JPG,761,3,719,3214,broken
170164.JPG,641,625,559,2342,healthy
170030v.JPG,0,380,7272,2263,healthy
170530h.JPG,1096,528,399,2181,broken
170530h.JPG,1421,1947,714,273,healthy
170530h.JPG,1421,1798,714,167,healthy
170713d.JPG,2449,1114,819,2564,broken
170191.JPG,632,1138,712,2079,healthy
150800.jpg,1307,533,609,2060,healthy
170313 (2)v.JPG,1525,0,591,1484,healthy
170046h.JPG,1145,0,654,2132,broken
150602 (2).JPG,2793,1,963,3271,broken
150621 (2)v.JPG,2701,40,882,3512,healthy
170513 (2)d.JPG,762,13,2238,2432,broken
161312h.JPG,1572,1023,939,1986,healthy
161057v.JPG,1794,0,1432,2997,healthy
170193h.JPG,1337,78,697,2058,broken
170691 (2)d.JPG,1707,267,372,2187,broken
150696h.JPG,609,1104,4551,1532,broken
150760d.jpg,1840,0,608,1624,healthy
170317 (2)d.JPG,1305,72,547,2023,healthy
130015.JPG,1209,421,639,1580,healthy
170277 (2).JPG,720,845,1455,1118,healthy
170058d.JPG,0,859,1686,962,broken
130119d.jpg,1875,0,795,2644,healthy
130031d.jpg,1968,0,542,2848,healthy
170099h.JPG,704,541,505,2227,healthy
170059h.JPG,619,447,2589,940,broken
151401d.jpg,1689,0,1197,1471,healthy
151401d.jpg,1245,0,1154,1458,broken
150820d.JPG,308,1374,5099,1221,healthy
160082 (2)d.JPG,1761,0,1074,2997,healthy
150623 (2)h.JPG,2519,217,774,3441,healthy
150623 (2)h.JPG,3111,1,835,3329,healthy
170685h.JPG,361,1459,3799,956,broken
130061h.jpg,2071,71,598,2735,broken
150907h.JPG,5257,3740,740,261,healthy
150907h.JPG,1435,542,3356,3367,healthy
100200h.JPG,102,751,2908,611,healthy
130012.JPG,1298,426,691,1575,healthy
161397h.JPG,1597,732,1024,2277,healthy
170160 (2)d.JPG,1824,0,630,1916,broken
130038h.JPG,24,26,2962,1958,broken
170164d.JPG,935,248,559,2342,healthy
161020.JPG,1806,1002,683,2007,healthy
150722 (2).JPG,2607,898,591,2638,healthy
150040d.JPG,1605,0,566,1196,healthy
170332v.JPG,548,278,2112,1211,healthy
170332v.JPG,1,533,478,932,healthy
161068v.JPG,1743,662,997,2344,broken
161245v.JPG,2067,291,561,2102,healthy
170240 (2).JPG,1535,842,743,1615,healthy
170160h.JPG,1148,1,1391,1817,broken
170160h.JPG,2599,961,615,1036,healthy
130031.jpg,1777,1,542,2848,healthy
160693d.JPG,1917,0,569,1809,healthy
150951d.jpg,1517,0,951,2587,healthy
170533h.JPG,1760,545,323,1861,broken
150362h.JPG,0,877,4675,3103,broken
170168d.JPG,1777,0,353,543,healthy
150344v.JPG,1761,0,498,2120,healthy
170148h.JPG,876,511,921,1626,healthy
170533.JPG,1596,545,323,1861,broken
170029v.JPG,1255,0,284,569,healthy
170029v.JPG,1,223,1139,491,broken
161500v.JPG,1999,0,776,3002,broken
160705d.JPG,1744,0,796,1885,healthy
160648.JPG,1629,7,1083,3002,broken
150476v.JPG,607,1298,4037,1719,healthy
100297d.JPG,1320,568,727,1566,broken
161068d.JPG,1771,662,997,2344,broken
170518.JPG,1145,1,471,1793,broken
150843h.JPG,1097,1263,4646,1255,broken
170172v.JPG,1675,853,481,1281,broken
170168h.JPG,1777,1594,353,543,healthy
150839v.JPG,4232,679,1768,780,healthy
150839v.JPG,1578,899,2400,2710,broken
160926v.JPG,1945,0,961,2193,healthy
150598d.JPG,931,775,5067,1951,broken
170317 (2).JPG,1827,360,547,2023,healthy
150633.JPG,519,933,4740,2364,broken
161056h.JPG,1700,16,752,2987,broken
160648v.JPG,1629,0,1083,3002,broken
130038.JPG,21,26,2962,1958,broken
170661v.JPG,1,1243,3809,1092,broken
160440h.JPG,1925,1,826,3008,healthy
170166.JPG,844,11,593,2126,broken
100280d.JPG,1120,0,506,2128,broken
170165v.JPG,722,54,532,3056,healthy
150664 (2)v.JPG,1886,0,1311,2680,broken
160851h.JPG,0,879,2901,2035,healthy
150638 (2).JPG,2400,447,855,3554,healthy
170218h.JPG,600,256,369,2666,healthy
150839h.JPG,0,2540,1768,780,healthy
150839h.JPG,2021,390,2400,2710,broken
160786h.JPG,3248,1,1037,1477,healthy
160786h.JPG,0,222,3064,1840,healthy
161388h.JPG,1496,753,1184,2256,healthy
150267v.JPG,1706,561,645,2029,healthy
110007h.JPG,1400,231,279,1525,healthy
170685.JPG,1359,1459,3799,956,broken
170095h.JPG,802,945,1022,1192,broken
160438v.JPG,1718,0,783,2981,healthy
150480.JPG,973,1517,4300,930,healthy
150480.JPG,1,475,812,1380,healthy
170311 (2)v.JPG,1805,266,444,2183,broken
170099d.JPG,704,447,505,2227,healthy
170163d.JPG,1474,5,754,2119,broken
170007.JPG,802,1375,3526,649,healthy
150864.JPG,4127,2569,1874,453,healthy
150864.JPG,726,1,3011,2666,broken
160190v.JPG,24,25,4432,2981,broken
161466v.JPG,45,0,3613,2686,broken
150648 (2)d.JPG,2641,106,657,3549,healthy
150740 (2)v.JPG,2790,425,695,3300,healthy
161314d.JPG,1761,486,708,2520,broken
160096d.JPG,1702,0,1277,2172,healthy
150446.JPG,2479,1376,3520,2111,broken
170097v.JPG,1746,0,400,2136,broken
150820v.JPG,592,1374,5099,1221,healthy
100124.JPG,1092,9,1348,2128,broken
160438.JPG,1718,28,783,2981,healthy
150711 (2)h.JPG,2557,240,676,3709,healthy
150606.JPG,878,1516,4488,939,healthy
150606.JPG,1,71,690,1277,healthy
160437d.JPG,1778,0,826,3006,healthy
100288v.JPG,60,0,2421,1642,broken
160435h.JPG,1896,1103,813,1906,healthy
150740 (2)h.JPG,2514,274,695,3300,healthy
170277 (2)v.JPG,720,492,1455,1118,healthy
130119v.jpg,1617,0,795,2644,healthy
161423d.JPG,2069,0,859,2585,healthy
170866 (2).JPG,1,2009,1750,1081,broken
170866 (2).JPG,1978,238,1927,2563,broken
170562h.JPG,568,212,2646,1797,broken
170191v.JPG,632,0,712,2079,healthy
100281d.JPG,1457,0,641,1416,broken
160559h.JPG,1133,740,1336,2269,healthy
170190h.JPG,791,1177,545,2040,healthy
150800d.jpg,1955,0,609,2060,healthy
150394h.JPG,4337,1522,1661,1193,healthy
150394h.JPG,346,1,3554,2558,broken
170329 (2)v.JPG,1637,0,1747,1190,healthy
150598 (2)v.JPG,3180,0,727,2444,healthy
150598 (2)v.JPG,2586,0,722,2361,broken
150267h.JPG,1520,1,645,2029,healthy
150477.JPG,4616,1,1380,1883,healthy
150477.JPG,719,1392,3859,1130,healthy
170305 (2).JPG,1611,1272,423,1185,healthy
150469d.JPG,2477,0,1148,3992,broken
170715d.JPG,1597,2,3893,2515,broken
170192.JPG,713,5,1168,1984,broken
161056d.JPG,1700,4,752,2987,broken
151397v.jpg,459,233,2181,1600,broken
100228.JPG,1434,1,1222,1613,broken
161219d.JPG,1892,0,872,2007,healthy
150696.JPG,839,1104,4551,1532,broken
161235.JPG,1111,1052,1319,1957,healthy
130027v.jpg,1964,88,468,2467,healthy
150599 (2)h.JPG,1961,916,4037,1232,healthy
150599 (2)h.JPG,1970,1678,4028,1293,broken
170526h.JPG,636,13,2538,2092,broken
160730.JPG,1031,395,1740,2614,healthy
100293h.JPG,775,1,2326,2136,broken
170853 (2)h.JPG,1275,532,2732,3120,broken
160673.JPG,1916,1246,686,1763,healthy
170115.JPG,2367,815,1314,1183,healthy
170115.JPG,269,1,1841,1845,broken
161423h.JPG,2069,424,859,2585,healthy
170059v.JPG,7,748,2589,940,broken
150460d.JPG,867,913,4723,2179,healthy
100184v.JPG,1327,975,1489,469,healthy
100184v.JPG,0,237,779,626,healthy
161436v.JPG,1596,84,964,2768,healthy
150500.JPG,2657,596,559,2858,broken
140027d.JPG,1497,0,689,2838,broken
170013d.JPG,956,424,529,2790,broken
170806h.JPG,1594,1,612,2248,broken
160407d.JPG,1,9,4015,2997,broken
150462v.JPG,2631,443,652,3547,broken
150694 (2).JPG,2813,606,535,3325,broken
100228d.JPG,559,521,1222,1613,broken
161436h.JPG,1951,155,964,2768,healthy
150727 (2)v.JPG,2522,181,714,3615,healthy
130066h.jpg,930,599,3011,1249,broken
170526.JPG,41,13,2538,2092,broken
160440 (2)h.JPG,1765,344,898,2665,healthy
170866 (2)d.JPG,3768,589,1750,1081,broken
170866 (2)d.JPG,1614,878,1927,2563,broken
170329 (2)d.JPG,295,0,1747,1190,healthy
170528h.JPG,832,277,446,2482,broken
170212 (2)h.JPG,1583,489,547,1832,healthy
140048d.JPG,1112,0,2126,2571,healthy
170236h.JPG,1429,11,546,2125,broken
170087v.JPG,1471,0,682,2132,broken
170061v.JPG,1521,8,1556,2122,broken
100015h.JPG,1437,389,370,1745,broken
170870 (2)v.JPG,182,536,1963,1108,healthy
170870 (2)v.JPG,2264,836,1494,2544,broken
130045.jpg,1851,178,555,2601,healthy
161500d.JPG,1736,0,776,3002,broken
150679 (2).JPG,2316,1377,2131,2624,healthy
161439v.JPG,2046,0,1007,1797,healthy
100136.JPG,1250,1,1966,1392,broken
100136.JPG,1328,1488,1888,343,healthy
150760v.jpg,1423,0,608,1624,healthy
170040h.JPG,3389,1217,702,3293,broken
160046d.JPG,2216,0,691,2997,healthy
150452d.JPG,0,711,4894,3287,broken
150452d.JPG,4701,1365,1297,2633,healthy
160782d.JPG,3581,0,458,1321,healthy
160782d.JPG,1287,30,462,1453,healthy
170124v.JPG,1729,920,496,1214,broken
161099.JPG,2051,1187,855,1822,healthy
150760.jpg,1423,968,608,1624,healthy
150603 (2)d.JPG,2281,1631,1160,2367,broken
130113.jpg,1898,1,448,2704,healthy
170037.JPG,1136,1,715,1731,broken
160782.JPG,472,1687,458,1321,healthy
160782.JPG,2762,1524,462,1453,healthy
160643h.JPG,2001,1166,582,1843,healthy
160046.JPG,1604,12,691,2997,healthy
161283v.JPG,1482,782,1948,1953,healthy
161244.JPG,2055,1208,531,1801,healthy
160873Ad.JPG,1588,0,1943,2374,healthy
100220d.JPG,1010,1,1193,2133,broken
170061d.JPG,138,8,1556,2122,broken
161507d.JPG,1917,0,708,1721,healthy
170087h.JPG,1062,5,682,2132,broken
150907v.JPG,2,0,740,261,healthy
150907v.JPG,1208,90,3356,3367,healthy
130119.jpg,1617,205,795,2644,healthy
170311 (2).JPG,1805,6,444,2183,broken
170222d.JPG,1594,5,455,2129,broken
170080.JPG,411,3,1122,3207,broken
170125d.JPG,1105,0,772,1557,healthy
130113v.jpg,1898,142,448,2704,healthy
170522.JPG,1586,644,364,1363,broken
170007v.JPG,802,1655,3526,649,healthy
100023.JPG,1444,4,806,2133,broken
150776d.JPG,844,1037,5154,1967,broken
161515.JPG,3341,1,1172,1557,healthy
161515.JPG,24,12,3210,2019,broken
150776h.JPG,844,995,5154,1967,broken
150472v.JPG,3799,0,930,1535,healthy
161177.JPG,1886,1410,409,1492,healthy
160693v.JPG,2025,0,569,1809,healthy
150815h.JPG,421,1076,4140,2000,healthy
170868 (2)v.JPG,2395,197,740,3178,broken
170088.JPG,587,5,1580,2014,broken
150346d.JPG,1679,0,486,1991,healthy
170806v.JPG,1473,206,612,2248,broken
161062d.JPG,1525,0,1289,2997,healthy
170331 (2)h.JPG,3293,1269,385,777,healthy
170331 (2)h.JPG,1239,918,1934,1334,healthy
160730h.JPG,1740,395,1740,2614,healthy
170013.JPG,650,1,529,2790,broken
150740 (2)d.JPG,2514,425,695,3300,healthy
170187d.JPG,728,797,518,2417,healthy
170807.JPG,1531,858,410,1598,broken
161396h.JPG,1858,1056,948,1953,healthy
161068h.JPG,1771,1,997,2344,broken
160164h.JPG,2110,1,607,2269,broken
170002d.JPG,1263,2086,4802,949,healthy
161268d.JPG,1866,0,1180,2391,healthy
170247h.JPG,1271,2,517,2017,broken
150714 (2).JPG,2644,391,742,3610,healthy
160786d.JPG,3248,1529,1037,1477,healthy
160786d.JPG,0,945,3064,1840,healthy
170187h.JPG,728,1,518,2417,healthy
150267.JPG,1706,1,645,2029,healthy
170160d.JPG,1148,317,1391,1817,broken
170160d.JPG,2599,138,615,1036,healthy
160507.JPG,1680,837,792,2172,healthy
161200d.JPG,1766,17,845,1840,broken
170080d.JPG,602,5,1122,3207,broken
130064d.jpg,1632,0,670,2848,broken
170689 (2)v.JPG,1795,279,331,2161,broken
100280v.JPG,1589,0,506,2128,broken
130032.jpg,2038,220,588,2629,healthy
170828 (2)h.JPG,2400,610,682,2497,broken
151368.jpg,1418,3,710,2590,broken
150878.JPG,2480,1,1137,3214,broken
150878.JPG,1680,3597,804,403,healthy
140004h.jpeg,0,487,2648,1333,healthy
161388d.JPG,1496,0,1184,2256,healthy
161030.JPG,1671,3,1441,3006,healthy
170148.JPG,1418,511,921,1626,healthy
110018v.JPG,1810,443,250,1440,healthy
170868 (2)d.JPG,2384,197,740,3178,broken
150952h.jpg,1274,1,816,2495,healthy
170317 (2)h.JPG,1305,360,547,2023,healthy
170859 (2)h.JPG,2363,449,802,2803,broken
150631d.JPG,0,1289,559,667,healthy
150631d.JPG,1064,1242,4572,1718,healthy
161466d.JPG,853,0,3613,2686,broken
100009.JPG,1514,540,471,1597,healthy
160852d.JPG,0,779,4076,1818,healthy
170095d.JPG,802,0,1022,1192,broken
161134.JPG,1650,1035,830,1974,healthy
150460h.JPG,867,907,4723,2179,healthy
170708d.JPG,153,2870,683,808,healthy
170708d.JPG,2078,0,1298,3675,broken
160454.JPG,2143,1,911,2605,broken
150878h.JPG,2382,1,1137,3214,broken
150878h.JPG,3515,3597,804,403,healthy
150696d.JPG,609,1363,4551,1532,broken
160647.JPG,1667,3,1490,3006,broken
170240 (2)h.JPG,1401,842,743,1615,healthy
100201d.JPG,0,653,3097,697,healthy
160559d.JPG,1133,0,1336,2269,healthy
140064.JPG,1778,11,564,2824,broken
170041.JPG,4101,1,1548,3175,healthy
170041.JPG,2415,1284,1899,2257,healthy
161212h.JPG,1559,745,1348,2264,healthy
150722 (2)v.JPG,2607,463,591,2638,healthy
161502d.JPG,818,9,1497,2991,broken
100200.JPG,205,751,2908,611,healthy
170059.JPG,7,447,2589,940,broken
130041.JPG,1,1,2846,2000,broken
150462h.JPG,2716,9,652,3547,broken
150711 (2)v.JPG,2766,50,676,3709,healthy
160041.JPG,2122,1,759,3008,healthy
160036h.JPG,1719,1183,851,1825,broken
160896v.JPG,1735,0,1044,2997,healthy
160454d.JPG,1457,401,911,2605,broken
150711 (2).JPG,2766,240,676,3709,healthy
130045h.jpg,1881,178,555,2601,healthy
160896.JPG,1735,12,1044,2997,healthy
150460v.JPG,409,913,4723,2179,healthy
161502.JPG,2196,7,1497,2991,broken
150815v.JPG,1438,923,4140,2000,healthy
100020d.JPG,1516,0,406,1557,healthy
160440.JPG,1760,1,826,3008,healthy
170351 (2)d.JPG,1673,0,1132,1684,healthy
170148v.JPG,1418,0,921,1626,healthy
150949v.jpg,1723,101,410,1791,healthy
170707d.JPG,0,857,5520,1167,broken
151191v.jpg,1,1686,3872,904,healthy
151191v.jpg,1,999,3864,1242,broken
160674h.JPG,2136,1,653,2142,healthy
170485h.JPG,0,684,2607,830,broken
170485h.JPG,2718,1,723,735,healthy
150039v.JPG,1827,0,621,1877,healthy
161437d.JPG,1951,708,619,1997,healthy
170172h.JPG,1059,1,481,1281,broken
170090h.JPG,2379,1825,1178,277,broken
130012h.JPG,1018,426,691,1575,healthy
170165.JPG,722,105,532,3056,healthy
161461v.JPG,1866,0,606,1752,healthy
140061h.JPG,1585,1,701,2838,broken
160778v.JPG,1949,164,498,2292,healthy
150633h.JPG,740,933,4740,2364,broken
100299d.JPG,1370,0,467,1652,healthy
170090v.JPG,1962,1577,1178,277,broken
140027.JPG,2101,11,689,2838,broken
100137.JPG,761,9,1258,2115,broken
161437.JPG,1941,302,619,1997,healthy
170170.JPG,983,620,316,2122,healthy
161410.JPG,1861,909,712,2100,healthy
170103v.JPG,679,17,1413,2116,broken
170174d.JPG,1401,747,454,1383,broken
161034h.JPG,2010,475,606,2534,healthy
160442.JPG,1785,1268,716,1741,healthy
150727 (2).JPG,2522,203,714,3615,healthy
150696 (2)v.JPG,2682,0,835,3394,healthy
161410h.JPG,1938,909,712,2100,healthy
170351 (2)v.JPG,874,0,1132,1684,healthy
170240 (2)d.JPG,1401,0,743,1615,healthy
151401v.jpg,985,0,1197,1471,healthy
151401v.jpg,1472,0,1154,1458,broken
130012v.JPG,1298,0,691,1575,healthy
161410d.JPG,1938,0,712,2100,healthy
150621 (2)h.JPG,2416,447,882,3512,healthy
100293d.JPG,775,0,2326,2136,broken
150091.JPG,1479,10,411,1916,broken
161515h.JPG,0,1,1172,1557,healthy
161515h.JPG,1277,12,3210,2019,broken
170313 (2).JPG,1525,973,591,1484,healthy
110008v.JPG,1079,0,963,719,healthy
130040v.JPG,1,0,2913,1999,broken
161056.JPG,2059,16,752,2987,broken
170031d.JPG,1910,1825,4245,1018,healthy
161030d.JPG,1399,0,1441,3006,healthy
170810d.JPG,1879,658,310,1633,broken
130064.jpg,1985,0,670,2848,broken
161211.JPG,1718,504,1070,2505,healthy
130030h.jpg,1788,225,688,2624,healthy
150732.JPG,3029,1113,2972,1501,broken
150732.JPG,1,1,1539,1262,healthy
170029.JPG,1255,511,284,569,healthy
170029.JPG,1,365,1139,491,broken
130041h.JPG,160,1,2846,2000,broken
161315h.JPG,2275,1343,510,1666,healthy
150631h.JPG,0,2043,559,667,healthy
150631h.JPG,1064,1039,4572,1718,healthy
161516.JPG,2114,16,852,2978,broken
150598.JPG,1,1273,5067,1951,broken
150879.JPG,2071,794,3930,1808,broken
150879.JPG,545,1,1211,1700,healthy
160605h.JPG,1883,1,2355,1641,healthy
160605h.JPG,670,1,1378,1788,healthy
170046v.JPG,1416,3,654,2132,broken
150707d.JPG,0,1846,3151,2048,broken
150707d.JPG,3598,2424,1523,1574,healthy
150696 (2)d.JPG,2482,0,835,3394,healthy
150716 (2).JPG,2363,1132,1136,2869,healthy
170071d.JPG,917,17,877,2116,broken
150267d.JPG,1520,561,645,2029,healthy
160028v.JPG,1856,0,770,2837,healthy
170311 (2)d.JPG,1430,266,444,2183,broken
170039d.JPG,1163,0,670,2132,broken
140065.JPG,1129,867,1731,1982,healthy
170527d.JPG,710,0,532,2940,broken
160926.JPG,1945,816,961,2193,healthy
100016d.JPG,1471,0,548,2136,broken
160408v.JPG,1342,4,1724,3000,broken
100184d.JPG,399,975,1489,469,healthy
100184d.JPG,2436,237,779,626,healthy
150040h.JPG,1605,1397,566,1196,healthy
150603 (2).JPG,2558,1,1160,2367,broken
170311 (2)h.JPG,1430,6,444,2183,broken
170087d.JPG,1062,0,682,2132,broken
170713v.JPG,2251,1114,819,2564,broken
160778.JPG,1949,551,498,2292,healthy
170177.JPG,1364,5,493,2125,broken
150716 (2)h.JPG,2500,1132,1136,2869,healthy
170223d.JPG,1624,0,583,2135,broken
160623v.JPG,1777,84,611,2922,healthy
170569.JPG,1307,108,610,2028,broken
170222h.JPG,1594,1,455,2129,broken
150814d.JPG,1134,1552,4498,798,healthy
161177h.JPG,2216,1410,409,1492,healthy
170013v.JPG,650,424,529,2790,broken
170208d.JPG,837,0,1284,1321,broken
140032h.JPG,1738,7,548,2433,broken
150091h.JPG,1981,10,411,1916,broken
161516h.JPG,1545,16,852,2978,broken
150602 (2)h.JPG,2243,1,963,3271,broken
161314h.JPG,1761,1,708,2520,broken
150394.JPG,1,1522,1661,1193,healthy
150394.JPG,2099,1,3554,2558,broken
16064.JPG,1882,1292,535,1717,healthy
170082h.JPG,1154,2,781,2135,broken
161502v.JPG,2196,9,1497,2991,broken
130040.JPG,1,2,2913,1999,broken
130041v.JPG,1,0,2846,2000,broken
170166v.JPG,844,0,593,2126,broken
150452v.JPG,1107,711,4894,3287,broken
150452v.JPG,1,1365,1297,2633,healthy
150879d.JPG,0,1397,3930,1808,broken
150879d.JPG,4243,2298,1211,1700,healthy
100281.JPG,1117,720,641,1416,broken
150732v.JPG,3029,1385,2972,1501,broken
150732v.JPG,1,2736,1539,1262,healthy
161439.JPG,2046,1212,1007,1797,healthy
160538.JPG,1625,997,944,2012,healthy
100299v.JPG,1378,0,467,1652,healthy
170567.JPG,1,1,783,1000,healthy
170567.JPG,869,436,1894,763,broken
170068.JPG,685,8,864,2128,broken
100020.JPG,1293,580,406,1557,healthy
150465h.JPG,1745,1,4088,3387,broken
150465h.JPG,0,3005,958,980,healthy
150915v.JPG,93,595,5908,2851,broken
170365.JPG,0,1001,1963,1455,healthy
160716h.JPG,1341,904,1562,2104,healthy
170567d.JPG,2431,1134,783,1000,healthy
170567d.JPG,452,936,1894,763,broken
170708v.JPG,4683,2870,683,808,healthy
170708v.JPG,2143,0,1298,3675,broken
160716.JPG,1608,904,1562,2104,healthy
170651d.JPG,1528,287,475,2155,broken
170713.JPG,2251,1,819,2564,broken
170342d.JPG,1133,10,1302,2439,broken
170162.JPG,1190,8,656,2128,broken
170165d.JPG,881,54,532,3056,healthy
140061d.JPG,1585,8,701,2838,broken
161245.JPG,2067,614,561,2102,healthy
130126d.jpg,1761,41,668,2782,healthy
100138h.JPG,899,0,526,3212,broken
150731.JPG,4312,954,1689,1082,broken
150731.JPG,1268,1,1956,1286,healthy
170485.JPG,1074,684,2607,830,broken
170485.JPG,238,1,723,735,healthy
170128d.JPG,1093,14,624,2110,broken
170164h.JPG,935,625,559,2342,healthy
170183v.JPG,902,825,464,2144,healthy
161244d.JPG,1925,0,531,1801,healthy
170160v.JPG,676,317,1391,1817,broken
170160v.JPG,1,138,615,1036,healthy
100190h.JPG,1491,1,917,2136,healthy
150814v.JPG,367,1552,4498,798,healthy
170247v.JPG,1427,116,517,2017,broken
170063.JPG,1651,2,832,2135,broken
170571v.JPG,938,1327,554,1887,broken
130030v.jpg,1811,0,688,2624,healthy
170071h.JPG,917,2,877,2116,broken
150638 (2)h.JPG,2744,447,855,3554,healthy
130019d.jpg,0,726,1623,2120,healthy
130019d.jpg,762,129,2258,2715,broken
160730v.JPG,1031,0,1740,2614,healthy
160081h.JPG,1611,299,1042,2710,healthy
170341v.JPG,1480,616,1491,622,broken
170341v.JPG,442,922,1023,1532,healthy
140027h.JPG,1497,11,689,2838,broken
170166d.JPG,1778,0,593,2126,broken
170190d.JPG,791,0,545,2040,healthy
100184.JPG,1327,691,1489,469,healthy
100184.JPG,0,1272,779,626,healthy
160840.JPG,1937,386,602,2623,healthy
160935h.JPG,1149,12,1825,2997,broken
161410v.JPG,1861,0,712,2100,healthy
160440v.JPG,1760,0,826,3008,healthy
161062h.JPG,1525,12,1289,2997,healthy
170502 (2)d.JPG,0,723,1680,1447,healthy
170502 (2)d.JPG,1763,818,1367,1636,broken
170487h.JPG,993,3,1459,2454,broken
170315 (2)d.JPG,526,701,2127,547,healthy
170621 (2).JPG,1334,0,1276,2455,broken
150711d.JPG,24,0,4031,3159,broken
170506 (2)v.JPG,2319,787,1362,995,healthy
170506 (2)v.JPG,1469,911,825,1543,broken
100228h.JPG,559,1,1222,1613,broken
170174v.JPG,1360,747,454,1383,broken
150707.JPG,2850,105,3151,2048,broken
150707.JPG,878,1,1523,1574,healthy
170520v.JPG,1411,774,443,1680,broken
150731h.JPG,0,954,1689,1082,broken
150731h.JPG,2775,1,1956,1286,healthy
161312.JPG,2000,1023,939,1986,healthy
170485v.JPG,1074,941,2607,830,broken
170485v.JPG,238,1719,723,735,healthy
000006140d.JPG,1470,2,633,1642,broken
170870 (2)h.JPG,3374,2035,1963,1108,healthy
170870 (2)h.JPG,1761,299,1494,2544,broken
161234.JPG,1912,1,867,2054,healthy
140016d.JPG,1500,0,2688,2022,healthy
170212 (2).JPG,1549,489,547,1832,healthy
161466h.JPG,853,322,3613,2686,broken
170059d.JPG,619,748,2589,940,broken
170125h.JPG,1105,580,772,1557,healthy
160516h.JPG,1955,155,783,2854,healthy
160507d.JPG,2039,0,792,2172,healthy
130064v.jpg,1985,0,670,2848,broken
170031h.JPG,1910,2068,4245,1018,healthy
170103d.JPG,1123,17,1413,2116,broken
170236v.JPG,1240,0,546,2125,broken
170690 (2)h.JPG,1687,536,346,1920,broken
000001268v.JPG,1605,350,1350,2913,broken
170859 (2)d.JPG,2363,427,802,2803,broken
170002.JPG,1294,1876,4802,949,healthy
130119h.jpg,1875,205,795,2644,healthy
140021d.JPG,1179,0,1351,2196,healthy
150843.JPG,256,1263,4646,1255,broken
170735v.JPG,1494,0,512,1617,broken
160926h.JPG,1605,816,961,2193,healthy
161020d.JPG,2022,0,683,2007,healthy
170708h.JPG,153,1,683,808,healthy
170708h.JPG,2078,5,1298,3675,broken
170615v.JPG,2295,0,1194,1558,broken
170063d.JPG,732,0,832,2135,broken
170569v.JPG,1307,0,610,2028,broken
170207.JPG,1373,1,393,1776,broken
161507h.JPG,1917,1288,708,1721,healthy
170211 (2).JPG,1573,594,421,1731,healthy
170342v.JPG,1244,10,1302,2439,broken
170207h.JPG,1449,1,393,1776,broken
000000795.jpeg,897,360,268,1064,broken
150606h.JPG,633,1516,4488,939,healthy
150606h.JPG,5308,71,690,1277,healthy
170218d.JPG,600,293,369,2666,healthy
170518h.JPG,1599,1,471,1793,broken
161213h.JPG,1812,49,821,2486,healthy
170193.JPG,1181,78,697,2058,broken
150458.JPG,935,1414,3878,1052,healthy
150458.JPG,1,118,887,1371,healthy
15072v.jpg,5,476,2458,1089,healthy
130107v.jpg,1164,0,1415,2255,broken
170170d.JPG,836,473,316,2122,healthy
170809d.JPG,1590,0,410,1738,broken
170070d.JPG,1199,1357,3871,810,healthy
170502 (2)h.JPG,0,285,1680,1447,healthy
170502 (2)h.JPG,1763,1,1367,1636,broken
150760h.jpg,1840,968,608,1624,healthy
150477d.JPG,3,2115,1380,1883,healthy
150477d.JPG,1421,1477,3859,1130,healthy
161236h.JPG,1513,576,1145,2433,healthy
150727 (2)h.JPG,2763,203,714,3615,healthy
160507v.JPG,1680,0,792,2172,healthy
150462d.JPG,2716,443,652,3547,broken
170485d.JPG,0,941,2607,830,broken
170485d.JPG,2718,1719,723,735,healthy
170165h.JPG,881,105,532,3056,healthy
000000986.jpeg,710,345,599,1079,broken
161030v.JPG,1671,0,1441,3006,healthy
140069.JPG,1771,1074,621,1775,healthy
160896d.JPG,1732,0,1044,2997,healthy
170124.JPG,1729,1,496,1214,broken
140070v.JPG,1805,1293,549,1553,broken
150950v.jpg,1694,0,918,1802,healthy
150040v.JPG,1700,0,566,1196,healthy
100190d.JPG,1491,0,917,2136,healthy
170707.JPG,1,1655,5520,1167,broken
170306v.JPG,1746,0,1653,3510,healthy
161121h.JPG,1909,1061,758,1948,healthy
100190.JPG,807,1,917,2136,healthy
170699d.JPG,1156,862,4362,1162,broken
170058.JPG,1531,314,1686,962,broken
160165h.JPG,1207,682,2767,1616,broken
170707v.JPG,1,857,5520,1167,broken
160605d.JPG,1883,1365,2355,1641,healthy
160605d.JPG,670,1218,1378,1788,healthy
170567h.JPG,2431,1,783,1000,healthy
170567h.JPG,452,436,1894,763,broken
161061v.JPG,1983,487,466,1250,healthy
160029.JPG,2034,753,766,2256,healthy
160435v.JPG,1802,0,813,1906,healthy
150864h.JPG,0,2569,1874,453,healthy
150864h.JPG,2262,1,3011,2666,broken
140031.JPG,1,996,950,1642,healthy
140031.JPG,1215,17,3070,2813,broken
170032h.JPG,3246,1,852,4138,broken
161234v.JPG,1912,952,867,2054,healthy
170168.JPG,1085,1594,353,543,healthy
161211h.JPG,1723,504,1070,2505,healthy
170039v.JPG,1382,0,670,2132,broken
100023v.JPG,1444,0,806,2133,broken
000000986v.jpeg,710,0,599,1079,broken
170070h.JPG,1199,1512,3871,810,healthy
100297h.JPG,1320,1,727,1566,broken
160175v.JPG,2194,1202,640,1804,broken
150598 (2).JPG,3180,1556,727,2444,healthy
150598 (2).JPG,2586,1640,722,2361,broken
170551d.JPG,1450,0,560,2136,broken
150465v.JPG,166,611,4088,3387,broken
150465v.JPG,5042,14,958,980,healthy
170526d.JPG,636,30,2538,2092,broken
150843d.JPG,1097,1481,4646,1255,broken
150347h.JPG,1824,4,499,2589,healthy
161355v.JPG,1642,0,1209,1839,healthy
170128.JPG,1498,11,624,2110,broken
170868 (2)h.JPG,2384,304,740,3178,broken
161177d.JPG,2216,105,409,1492,healthy
140064v.JPG,1778,12,564,2824,broken
100023h.JPG,965,4,806,2133,broken
170806d.JPG,1594,206,612,2248,broken
150598 (2)h.JPG,2092,1556,727,2444,healthy
150598 (2)h.JPG,2691,1640,722,2361,broken
170031.JPG,1204,2068,4245,1018,healthy
170859 (2)v.JPG,2354,427,802,2803,broken
170828 (2).JPG,2437,610,682,2497,broken
160041v.JPG,2122,0,759,3008,healthy
170869 (2)d.JPG,2400,613,728,2430,broken
161088d.JPG,1601,0,1820,2016,healthy
170062.JPG,1418,2,523,2135,broken
170278 (2)v.JPG,1700,0,451,1446,healthy
140065v.JPG,1129,0,1731,1982,healthy
100288h.JPG,734,494,2421,1642,broken
140027v.JPG,2101,0,689,2838,broken
150631v.JPG,5442,1289,559,667,healthy
150631v.JPG,363,1242,4572,1718,healthy
150603 (2)h.JPG,2281,1,1160,2367,broken
16064v.JPG,1882,0,535,1717,healthy
170502 (2).JPG,2000,285,1680,1447,healthy
170502 (2).JPG,549,1,1367,1636,broken
150867v.JPG,1942,1425,3860,1827,broken
150867v.JPG,1,1665,1558,1860,healthy
170518d.JPG,1599,341,471,1793,broken
170690 (2).JPG,1646,536,346,1920,broken
170187v.JPG,889,797,518,2417,healthy
161088h.JPG,1601,993,1820,2016,healthy
160731d.JPG,1572,0,1002,2252,healthy
150730d.jpg,1029,661,562,2350,healthy
140021v.JPG,1757,0,1351,2196,healthy
161283.JPG,1482,272,1948,1953,healthy
170070v.JPG,449,1357,3871,810,healthy
170689 (2).JPG,1795,15,331,2161,broken
161030h.JPG,1399,3,1441,3006,healthy
170160 (2).JPG,1225,540,630,1916,broken
140048.JPG,1049,278,2126,2571,healthy
170088d.JPG,1048,116,1580,2014,broken
150473v.JPG,2616,115,723,3531,healthy
161211v.JPG,1718,0,1070,2505,healthy
110009h.JPG,2240,1003,654,942,healthy
000006140v.JPG,1112,2,633,1642,broken
170484h.JPG,0,1370,1709,837,healthy
170484h.JPG,1653,1,824,1333,healthy
150345.JPG,1639,10,523,2583,healthy
161515v.JPG,3341,1449,1172,1557,healthy
161515v.JPG,24,976,3210,2019,broken
170691 (2)h.JPG,1707,1,372,2187,broken
15073.jpg,2,16,3871,1400,healthy
150814h.JPG,1134,1649,4498,798,healthy
100201h.JPG,0,785,3097,697,healthy
170218v.JPG,1166,293,369,2666,healthy
170828 (2)v.JPG,2437,572,682,2497,broken
150915h.JPG,0,553,5908,2851,broken
150452h.JPG,0,1,4894,3287,broken
150452h.JPG,4701,1,1297,2633,healthy
160716v.JPG,1608,0,1562,2104,healthy
160408d.JPG,1445,4,1724,3000,broken
150864d.JPG,0,977,1874,453,healthy
150864d.JPG,2262,1332,3011,2666,broken
150039d.JPG,1423,0,621,1877,healthy
000000795d.jpeg,978,0,268,1064,broken
150347.JPG,1548,4,499,2589,healthy
170853 (2)v.JPG,1512,27,2732,3120,broken
170164v.JPG,641,248,559,2342,healthy
160842d.JPG,1816,0,741,2964,healthy
150714 (2)h.JPG,2613,391,742,3610,healthy
150447v.JPG,2557,0,791,3729,broken
100015.JPG,1408,389,370,1745,broken
161388v.JPG,1831,0,1184,2256,healthy
150362.JPG,1324,877,4675,3103,broken
150621 (2)d.JPG,2416,40,882,3512,healthy
110009d.JPG,2240,0,654,942,healthy
150951h.jpg,1517,5,951,2587,healthy
160538h.JPG,1942,997,944,2012,healthy
150814.JPG,367,1649,4498,798,healthy
161178h.JPG,2035,559,653,2195,healthy
170370v.JPG,1576,0,901,1371,healthy
161068.JPG,1743,1,997,2344,broken
170173.JPG,1166,304,1894,1148,broken
170173.JPG,580,1,658,1120,healthy
130040h.JPG,93,2,2913,1999,broken
160693h.JPG,1917,1200,569,1809,healthy
100213.JPG,1078,1,732,1667,healthy
100016h.JPG,1471,1,548,2136,broken
170037h.JPG,1828,1,715,1731,broken
170041h.JPG,1710,1,1548,3175,healthy
170041h.JPG,3045,1284,1899,2257,healthy
170661d.JPG,1709,1243,3809,1092,broken
170173v.JPG,1166,683,1894,1148,broken
170173v.JPG,580,1014,658,1120,healthy
130113d.jpg,1941,142,448,2704,healthy
170487.JPG,1227,3,1459,2454,broken
161234h.JPG,1732,1,867,2054,healthy
